project_slug,project_title,project_url,cover_local,module_count,module_files
REFLECT-Furniture-design,REFLECT | Furniture design,https://www.behance.net/gallery/127793335/REFLECT-Furniture-design,//behance/REFLECT-Furniture-design/cover.png,28,//behance/REFLECT-Furniture-design/1.png|//behance/REFLECT-Furniture-design/2.png|//behance/REFLECT-Furniture-design/3.png|//behance/REFLECT-Furniture-design/4.png|//behance/REFLECT-Furniture-design/5.jpg|//behance/REFLECT-Furniture-design/6.png|//behance/REFLECT-Furniture-design/7.png|//behance/REFLECT-Furniture-design/8.png|//behance/REFLECT-Furniture-design/9.png|//behance/REFLECT-Furniture-design/10.png|//behance/REFLECT-Furniture-design/11.png|//behance/REFLECT-Furniture-design/12.png|//behance/REFLECT-Furniture-design/13.png|//behance/REFLECT-Furniture-design/14.png|//behance/REFLECT-Furniture-design/15.png|//behance/REFLECT-Furniture-design/16.png|//behance/REFLECT-Furniture-design/17.png|//behance/REFLECT-Furniture-design/18.png|//behance/REFLECT-Furniture-design/19.png|//behance/REFLECT-Furniture-design/20.png|//behance/REFLECT-Furniture-design/21.jpg|//behance/REFLECT-Furniture-design/22.png|//behance/REFLECT-Furniture-design/23.png|//behance/REFLECT-Furniture-design/24.png|//behance/REFLECT-Furniture-design/25.png|//behance/REFLECT-Furniture-design/26.png|//behance/REFLECT-Furniture-design/27.png|//behance/REFLECT-Furniture-design/28.png
D-L-speaker-product-design,D&amp;L speaker | product design,https://www.behance.net/gallery/127801319/D-L-speaker-product-design,//behance/D-L-speaker-product-design/cover.png,12,//behance/D-L-speaker-product-design/1.png|//behance/D-L-speaker-product-design/2.png|//behance/D-L-speaker-product-design/3.png|//behance/D-L-speaker-product-design/4.png|//behance/D-L-speaker-product-design/5.png|//behance/D-L-speaker-product-design/6.png|//behance/D-L-speaker-product-design/7.png|//behance/D-L-speaker-product-design/8.png|//behance/D-L-speaker-product-design/9.png|//behance/D-L-speaker-product-design/10.png|//behance/D-L-speaker-product-design/11.png|//behance/D-L-speaker-product-design/12.png
Bottle-design,Bottle design,https://www.behance.net/gallery/132124675/Bottle-design,//behance/Bottle-design/cover.jpg,25,//behance/Bottle-design/1.jpg|//behance/Bottle-design/2.jpg|//behance/Bottle-design/3.jpg|//behance/Bottle-design/4.jpg|//behance/Bottle-design/5.jpg|//behance/Bottle-design/6.jpg|//behance/Bottle-design/7.jpg|//behance/Bottle-design/8.jpg|//behance/Bottle-design/9.jpg|//behance/Bottle-design/10.jpg|//behance/Bottle-design/11.jpg|//behance/Bottle-design/12.jpg|//behance/Bottle-design/13.jpg|//behance/Bottle-design/14.jpg|//behance/Bottle-design/15.jpg|//behance/Bottle-design/16.jpg|//behance/Bottle-design/17.jpg|//behance/Bottle-design/18.jpg|//behance/Bottle-design/19.jpg|//behance/Bottle-design/20.jpg|//behance/Bottle-design/21.jpg|//behance/Bottle-design/22.jpg|//behance/Bottle-design/23.jpg|//behance/Bottle-design/24.jpg|//behance/Bottle-design/25.jpg
Travel-Bottle-carry-it-as-you-want,Travel Bottle- carry it as you want,https://www.behance.net/gallery/132126717/Travel-Bottle-carry-it-as-you-want,//behance/Travel-Bottle-carry-it-as-you-want/cover.jpg,17,//behance/Travel-Bottle-carry-it-as-you-want/1.jpg|//behance/Travel-Bottle-carry-it-as-you-want/2.jpg|//behance/Travel-Bottle-carry-it-as-you-want/3.jpg|//behance/Travel-Bottle-carry-it-as-you-want/4.jpg|//behance/Travel-Bottle-carry-it-as-you-want/5.jpg|//behance/Travel-Bottle-carry-it-as-you-want/6.jpg|//behance/Travel-Bottle-carry-it-as-you-want/7.jpg|//behance/Travel-Bottle-carry-it-as-you-want/8.jpg|//behance/Travel-Bottle-carry-it-as-you-want/9.jpg|//behance/Travel-Bottle-carry-it-as-you-want/10.jpg|//behance/Travel-Bottle-carry-it-as-you-want/11.jpg|//behance/Travel-Bottle-carry-it-as-you-want/12.jpg|//behance/Travel-Bottle-carry-it-as-you-want/13.jpg|//behance/Travel-Bottle-carry-it-as-you-want/14.jpg|//behance/Travel-Bottle-carry-it-as-you-want/15.jpg|//behance/Travel-Bottle-carry-it-as-you-want/16.jpg|//behance/Travel-Bottle-carry-it-as-you-want/17.jpg
Black-Amber-logo-design,Black Amber | logo design,https://www.behance.net/gallery/138369665/Black-Amber-logo-design,//behance/Black-Amber-logo-design/cover.png,15,//behance/Black-Amber-logo-design/1.png|//behance/Black-Amber-logo-design/2.png|//behance/Black-Amber-logo-design/3.png|//behance/Black-Amber-logo-design/4.png|//behance/Black-Amber-logo-design/5.png|//behance/Black-Amber-logo-design/6.png|//behance/Black-Amber-logo-design/7.png|//behance/Black-Amber-logo-design/8.png|//behance/Black-Amber-logo-design/9.png|//behance/Black-Amber-logo-design/10.png|//behance/Black-Amber-logo-design/11.png|//behance/Black-Amber-logo-design/12.png|//behance/Black-Amber-logo-design/13.png|//behance/Black-Amber-logo-design/14.png|//behance/Black-Amber-logo-design/15.png
Poster-365-Practice,Poster 365 Practice,https://www.behance.net/gallery/167431223/Poster-365-Practice,//behance/Poster-365-Practice/cover.jpg,17,//behance/Poster-365-Practice/1.jpg|//behance/Poster-365-Practice/2.jpg|//behance/Poster-365-Practice/3.jpg|//behance/Poster-365-Practice/4.jpg|//behance/Poster-365-Practice/5.jpg|//behance/Poster-365-Practice/6.jpg|//behance/Poster-365-Practice/7.jpg|//behance/Poster-365-Practice/8.jpg|//behance/Poster-365-Practice/9.jpg|//behance/Poster-365-Practice/10.jpg|//behance/Poster-365-Practice/11.jpg|//behance/Poster-365-Practice/12.jpg|//behance/Poster-365-Practice/13.jpg|//behance/Poster-365-Practice/14.jpg|//behance/Poster-365-Practice/15.jpg|//behance/Poster-365-Practice/16.jpg|//behance/Poster-365-Practice/17.jpg
Moon-Festival-Package-Design,Moon Festival | Package Design,https://www.behance.net/gallery/170281711/Moon-Festival-Package-Design,//behance/Moon-Festival-Package-Design/cover.png,13,//behance/Moon-Festival-Package-Design/1.png|//behance/Moon-Festival-Package-Design/2.png|//behance/Moon-Festival-Package-Design/3.png|//behance/Moon-Festival-Package-Design/4.png|//behance/Moon-Festival-Package-Design/5.png|//behance/Moon-Festival-Package-Design/6.jpg|//behance/Moon-Festival-Package-Design/7.png|//behance/Moon-Festival-Package-Design/8.png|//behance/Moon-Festival-Package-Design/9.png|//behance/Moon-Festival-Package-Design/10.png|//behance/Moon-Festival-Package-Design/11.png|//behance/Moon-Festival-Package-Design/12.png|//behance/Moon-Festival-Package-Design/13.png
CremeCard-Social-Media-App,CremeCard | Social Media App,https://www.behance.net/gallery/198255591/CremeCard-Social-Media-App,//behance/CremeCard-Social-Media-App/cover.png,9,//behance/CremeCard-Social-Media-App/1.png|//behance/CremeCard-Social-Media-App/2.png|//behance/CremeCard-Social-Media-App/3.png|//behance/CremeCard-Social-Media-App/4.png|//behance/CremeCard-Social-Media-App/5.png|//behance/CremeCard-Social-Media-App/6.png|//behance/CremeCard-Social-Media-App/7.png|//behance/CremeCard-Social-Media-App/8.png|//behance/CremeCard-Social-Media-App/9.png
Pet-Backers-App-UIUX-Design,Pet Backers App | UIUX Design,https://www.behance.net/gallery/185399137/Pet-Backers-App-UIUX-Design,//behance/Pet-Backers-App-UIUX-Design/cover.png,4,//behance/Pet-Backers-App-UIUX-Design/1.png|//behance/Pet-Backers-App-UIUX-Design/2.png|//behance/Pet-Backers-App-UIUX-Design/3.png|//behance/Pet-Backers-App-UIUX-Design/4.png
Amazon-Product-Research,Amazon Product Research,https://www.behance.net/gallery/182864779/Amazon-Product-Research,//behance/Amazon-Product-Research/cover.png,31,//behance/Amazon-Product-Research/1.png|//behance/Amazon-Product-Research/2.png|//behance/Amazon-Product-Research/3.png|//behance/Amazon-Product-Research/4.png|//behance/Amazon-Product-Research/5.png|//behance/Amazon-Product-Research/6.png|//behance/Amazon-Product-Research/7.png|//behance/Amazon-Product-Research/8.png|//behance/Amazon-Product-Research/9.png|//behance/Amazon-Product-Research/10.png|//behance/Amazon-Product-Research/11.png|//behance/Amazon-Product-Research/12.png|//behance/Amazon-Product-Research/13.png|//behance/Amazon-Product-Research/14.png|//behance/Amazon-Product-Research/15.png|//behance/Amazon-Product-Research/16.png|//behance/Amazon-Product-Research/17.png|//behance/Amazon-Product-Research/18.png|//behance/Amazon-Product-Research/19.png|//behance/Amazon-Product-Research/20.png|//behance/Amazon-Product-Research/21.png|//behance/Amazon-Product-Research/22.png|//behance/Amazon-Product-Research/23.png|//behance/Amazon-Product-Research/24.png|//behance/Amazon-Product-Research/25.png|//behance/Amazon-Product-Research/26.png|//behance/Amazon-Product-Research/27.png|//behance/Amazon-Product-Research/28.png|//behance/Amazon-Product-Research/29.png|//behance/Amazon-Product-Research/30.png|//behance/Amazon-Product-Research/31.png
Open-App-UIUX-redesign-project,Open App | UIUX redesign project,https://www.behance.net/gallery/175636905/Open-App-UIUX-redesign-project,//behance/Open-App-UIUX-redesign-project/cover.png,42,//behance/Open-App-UIUX-redesign-project/1.png|//behance/Open-App-UIUX-redesign-project/2.png|//behance/Open-App-UIUX-redesign-project/3.png|//behance/Open-App-UIUX-redesign-project/4.png|//behance/Open-App-UIUX-redesign-project/5.png|//behance/Open-App-UIUX-redesign-project/6.png|//behance/Open-App-UIUX-redesign-project/7.png|//behance/Open-App-UIUX-redesign-project/8.png|//behance/Open-App-UIUX-redesign-project/9.png|//behance/Open-App-UIUX-redesign-project/10.png|//behance/Open-App-UIUX-redesign-project/11.png|//behance/Open-App-UIUX-redesign-project/12.png|//behance/Open-App-UIUX-redesign-project/13.png|//behance/Open-App-UIUX-redesign-project/14.png|//behance/Open-App-UIUX-redesign-project/15.png|//behance/Open-App-UIUX-redesign-project/16.png|//behance/Open-App-UIUX-redesign-project/17.png|//behance/Open-App-UIUX-redesign-project/18.png|//behance/Open-App-UIUX-redesign-project/19.png|//behance/Open-App-UIUX-redesign-project/20.png|//behance/Open-App-UIUX-redesign-project/21.png|//behance/Open-App-UIUX-redesign-project/22.png|//behance/Open-App-UIUX-redesign-project/23.png|//behance/Open-App-UIUX-redesign-project/24.png|//behance/Open-App-UIUX-redesign-project/25.png|//behance/Open-App-UIUX-redesign-project/26.png|//behance/Open-App-UIUX-redesign-project/27.png|//behance/Open-App-UIUX-redesign-project/28.png|//behance/Open-App-UIUX-redesign-project/29.png|//behance/Open-App-UIUX-redesign-project/30.png|//behance/Open-App-UIUX-redesign-project/31.png|//behance/Open-App-UIUX-redesign-project/32.png|//behance/Open-App-UIUX-redesign-project/33.png|//behance/Open-App-UIUX-redesign-project/34.png|//behance/Open-App-UIUX-redesign-project/35.png|//behance/Open-App-UIUX-redesign-project/36.png|//behance/Open-App-UIUX-redesign-project/37.png|//behance/Open-App-UIUX-redesign-project/38.png|//behance/Open-App-UIUX-redesign-project/39.png|//behance/Open-App-UIUX-redesign-project/40.png|//behance/Open-App-UIUX-redesign-project/41.png|//behance/Open-App-UIUX-redesign-project/42.png
Smart-brewing-app-UIUX-personal-project,Smart brewing app | UIUX | personal project,https://www.behance.net/gallery/180140833/Smart-brewing-app-UIUX-personal-project,//behance/Smart-brewing-app-UIUX-personal-project/cover.png,16,//behance/Smart-brewing-app-UIUX-personal-project/1.png|//behance/Smart-brewing-app-UIUX-personal-project/2.png|//behance/Smart-brewing-app-UIUX-personal-project/3.png|//behance/Smart-brewing-app-UIUX-personal-project/4.png|//behance/Smart-brewing-app-UIUX-personal-project/5.png|//behance/Smart-brewing-app-UIUX-personal-project/6.png|//behance/Smart-brewing-app-UIUX-personal-project/7.png|//behance/Smart-brewing-app-UIUX-personal-project/8.png|//behance/Smart-brewing-app-UIUX-personal-project/9.png|//behance/Smart-brewing-app-UIUX-personal-project/10.png|//behance/Smart-brewing-app-UIUX-personal-project/11.png|//behance/Smart-brewing-app-UIUX-personal-project/12.png|//behance/Smart-brewing-app-UIUX-personal-project/13.png|//behance/Smart-brewing-app-UIUX-personal-project/14.png|//behance/Smart-brewing-app-UIUX-personal-project/15.png|//behance/Smart-brewing-app-UIUX-personal-project/16.png
CremeCard-Social-Media-App,CremeCard | Social Media App,https://www.behance.net/gallery/198255591/CremeCard-Social-Media-App,//behance/CremeCard-Social-Media-App/cover.png,9,//behance/CremeCard-Social-Media-App/1.png|//behance/CremeCard-Social-Media-App/2.png|//behance/CremeCard-Social-Media-App/3.png|//behance/CremeCard-Social-Media-App/4.png|//behance/CremeCard-Social-Media-App/5.png|//behance/CremeCard-Social-Media-App/6.png|//behance/CremeCard-Social-Media-App/7.png|//behance/CremeCard-Social-Media-App/8.png|//behance/CremeCard-Social-Media-App/9.png
